playerId,autoDraftTypeId,id,lineupSlotId,memberId,overallPickNumber,roundId,roundPickNumber,teamId
3117251,0,1,2,{REDACTED-ESPN-MEMBER-ID},1,1,1,3
4241389,0,2,4,{REDACTED-ESPN-MEMBER-ID},2,1,2,14
3929630,0,3,2,{REDACTED-ESPN-MEMBER-ID},3,1,3,1
3918298,0,4,0,{REDACTED-ESPN-MEMBER-ID},4,1,4,4
4427366,3,5,2,,5,1,5,8
3116406,0,6,4,{REDACTED-ESPN-MEMBER-ID},6,1,6,10
4430807,0,7,2,{REDACTED-ESPN-MEMBER-ID},7,1,7,6
4361529,0,8,2,{REDACTED-ESPN-MEMBER-ID},8,1,8,16
4047646,0,9,4,{REDACTED-ESPN-MEMBER-ID},9,1,9,11
3916387,0,10,0,{REDACTED-ESPN-MEMBER-ID},10,1,10,17
4362628,1,11,4,,11,1,11,12
4374302,3,12,4,,12,1,12,9
4262921,0,13,4,{REDACTED-ESPN-MEMBER-ID},13,1,13,15
4426515,0,14,4,{REDACTED-ESPN-MEMBER-ID},14,1,14,13
4429795,0,15,2,{REDACTED-ESPN-MEMBER-ID},15,2,1,13
3043078,0,16,2,{REDACTED-ESPN-MEMBER-ID},16,2,2,15
4242335,3,17,2,,17,2,3,9
4569618,1,18,4,,18,2,4,12
15847,0,19,6,{REDACTED-ESPN-MEMBER-ID},19,2,5,17
4040715,0,20,0,{REDACTED-ESPN-MEMBER-ID},20,2,6,11
3139477,0,21,0,{REDACTED-ESPN-MEMBER-ID},21,2,7,16
4430737,0,22,2,{REDACTED-ESPN-MEMBER-ID},22,2,8,6
3915511,0,23,0,{REDACTED-ESPN-MEMBER-ID},23,2,9,10
4432708,0,24,4,{REDACTED-ESPN-MEMBER-ID},24,2,10,8
2976212,0,25,4,{REDACTED-ESPN-MEMBER-ID},25,2,11,4
4429160,0,26,2,{REDACTED-ESPN-MEMBER-ID},26,2,12,1
4239996,0,27,2,{REDACTED-ESPN-MEMBER-ID},27,2,13,14
4047365,0,28,2,{REDACTED-ESPN-MEMBER-ID},28,2,14,3
3126486,0,29,4,{REDACTED-ESPN-MEMBER-ID},29,3,1,3
16800,0,30,4,{REDACTED-ESPN-MEMBER-ID},30,3,2,14
4429084,0,31,0,{REDACTED-ESPN-MEMBER-ID},31,3,3,1
4259545,0,32,2,{REDACTED-ESPN-MEMBER-ID},32,3,4,4
4035687,0,33,4,{REDACTED-ESPN-MEMBER-ID},33,3,5,8
4361370,0,34,4,{REDACTED-ESPN-MEMBER-ID},34,3,6,10
4426502,0,35,4,{REDACTED-ESPN-MEMBER-ID},35,3,7,6
3116385,0,36,2,{REDACTED-ESPN-MEMBER-ID},36,3,8,16
3054850,0,37,2,{REDACTED-ESPN-MEMBER-ID},37,3,9,11
3121023,0,38,23,{REDACTED-ESPN-MEMBER-ID},38,3,10,17
4379399,1,39,2,,39,3,11,12
4258173,3,40,4,,40,3,12,9
16737,0,41,4,{REDACTED-ESPN-MEMBER-ID},41,3,13,15
4430027,0,42,6,{REDACTED-ESPN-MEMBER-ID},42,3,14,13
4697815,0,43,2,{REDACTED-ESPN-MEMBER-ID},43,4,1,13
4360438,0,44,23,{REDACTED-ESPN-MEMBER-ID},44,4,2,15
4047650,3,45,23,,45,4,3,9
4241478,1,46,23,,46,4,4,12
8439,0,47,20,{REDACTED-ESPN-MEMBER-ID},47,4,5,17
3116365,0,48,6,{REDACTED-ESPN-MEMBER-ID},48,4,6,11
2977187,0,49,4,{REDACTED-ESPN-MEMBER-ID},49,4,7,16
3915416,0,50,4,{REDACTED-ESPN-MEMBER-ID},50,4,8,6
4567048,0,51,2,{REDACTED-ESPN-MEMBER-ID},51,4,9,10
3042519,0,52,2,{REDACTED-ESPN-MEMBER-ID},52,4,10,8
3116165,0,53,4,{REDACTED-ESPN-MEMBER-ID},53,4,11,4
4372016,0,54,4,{REDACTED-ESPN-MEMBER-ID},54,4,12,1
4239993,0,55,23,{REDACTED-ESPN-MEMBER-ID},55,4,13,14
3123076,0,56,6,{REDACTED-ESPN-MEMBER-ID},56,4,14,3
4432577,0,57,0,{REDACTED-ESPN-MEMBER-ID},57,5,1,3
3045147,0,58,2,{REDACTED-ESPN-MEMBER-ID},58,5,2,14
4595348,0,59,4,{REDACTED-ESPN-MEMBER-ID},59,5,3,1
3051876,0,60,6,{REDACTED-ESPN-MEMBER-ID},60,5,4,4
4429615,0,61,23,{REDACTED-ESPN-MEMBER-ID},61,5,5,8
4361777,0,62,2,{REDACTED-ESPN-MEMBER-ID},62,5,6,10
3040151,0,63,6,{REDACTED-ESPN-MEMBER-ID},63,5,7,6
4385690,0,64,6,{REDACTED-ESPN-MEMBER-ID},64,5,8,16
4569173,0,65,2,{REDACTED-ESPN-MEMBER-ID},65,5,9,11
4241457,0,66,2,{REDACTED-ESPN-MEMBER-ID},66,5,10,17
4361307,1,67,6,,67,5,11,12
4678008,3,68,2,,68,5,12,9
4035538,0,69,2,{REDACTED-ESPN-MEMBER-ID},69,5,13,15
3925357,0,70,4,{REDACTED-ESPN-MEMBER-ID},70,5,14,13
15818,0,71,23,{REDACTED-ESPN-MEMBER-ID},71,6,1,13
3917315,0,72,0,{REDACTED-ESPN-MEMBER-ID},72,6,2,15
4360248,3,73,6,,73,6,3,9
4366031,1,74,20,,74,6,4,12
3916148,0,75,2,{REDACTED-ESPN-MEMBER-ID},75,6,5,17
4426354,0,76,4,{REDACTED-ESPN-MEMBER-ID},76,6,6,11
2976499,0,77,4,{REDACTED-ESPN-MEMBER-ID},77,6,7,16
3121422,0,78,23,{REDACTED-ESPN-MEMBER-ID},78,6,8,6
4430878,0,79,23,{REDACTED-ESPN-MEMBER-ID},79,6,9,10
4241474,0,80,20,{REDACTED-ESPN-MEMBER-ID},80,6,10,8
3068267,0,81,2,{REDACTED-ESPN-MEMBER-ID},81,6,11,4
4432665,0,82,6,{REDACTED-ESPN-MEMBER-ID},82,6,12,1
4428331,0,83,20,{REDACTED-ESPN-MEMBER-ID},83,6,13,14
4683062,0,84,4,{REDACTED-ESPN-MEMBER-ID},84,6,14,3
4241463,0,85,23,{REDACTED-ESPN-MEMBER-ID},85,7,1,3
4036378,0,86,0,{REDACTED-ESPN-MEMBER-ID},86,7,2,14
4362249,0,87,23,{REDACTED-ESPN-MEMBER-ID},87,7,3,1
3128720,0,88,23,{REDACTED-ESPN-MEMBER-ID},88,7,4,4
2577417,0,89,0,{REDACTED-ESPN-MEMBER-ID},89,7,5,8
4258595,0,90,6,{REDACTED-ESPN-MEMBER-ID},90,7,6,10
4426348,0,91,0,{REDACTED-ESPN-MEMBER-ID},91,7,7,6
2576414,0,92,23,{REDACTED-ESPN-MEMBER-ID},92,7,8,16
3932905,0,93,23,{REDACTED-ESPN-MEMBER-ID},93,7,9,11
3121427,0,94,4,{REDACTED-ESPN-MEMBER-ID},94,7,10,17
4569987,1,95,2,,95,7,11,12
3895856,3,96,20,,96,7,12,9
4242355,0,97,6,{REDACTED-ESPN-MEMBER-ID},97,7,13,15
4612826,0,98,20,{REDACTED-ESPN-MEMBER-ID},98,7,14,13
4241479,0,99,0,{REDACTED-ESPN-MEMBER-ID},99,8,1,13
15795,0,100,20,{REDACTED-ESPN-MEMBER-ID},100,8,2,15
4428557,3,101,20,,101,8,3,9
4361579,1,102,20,,102,8,4,12
4361741,0,103,20,{REDACTED-ESPN-MEMBER-ID},103,8,5,17
14880,0,104,20,{REDACTED-ESPN-MEMBER-ID},104,8,6,11
15683,0,105,17,{REDACTED-ESPN-MEMBER-ID},105,8,7,16
3051392,0,106,20,{REDACTED-ESPN-MEMBER-ID},106,8,8,6
4038941,0,107,20,{REDACTED-ESPN-MEMBER-ID},107,8,9,10
4036133,0,108,6,{REDACTED-ESPN-MEMBER-ID},108,8,10,8
3050478,0,109,17,{REDACTED-ESPN-MEMBER-ID},109,8,11,4
3046779,0,110,20,{REDACTED-ESPN-MEMBER-ID},110,8,12,1
4635008,0,111,20,{REDACTED-ESPN-MEMBER-ID},111,8,13,14
3917232,0,112,17,{REDACTED-ESPN-MEMBER-ID},112,8,14,3
4241985,0,113,20,{REDACTED-ESPN-MEMBER-ID},113,9,1,3
4035676,0,114,20,{REDACTED-ESPN-MEMBER-ID},114,9,2,14
4248528,0,115,20,{REDACTED-ESPN-MEMBER-ID},115,9,3,1
4360310,0,116,20,{REDACTED-ESPN-MEMBER-ID},116,9,4,4
3117256,0,117,20,{REDACTED-ESPN-MEMBER-ID},117,9,5,8
4426388,0,118,20,{REDACTED-ESPN-MEMBER-ID},118,9,6,10
3128429,0,119,20,{REDACTED-ESPN-MEMBER-ID},119,9,7,6
4431611,0,120,20,{REDACTED-ESPN-MEMBER-ID},120,9,8,16
3122840,0,121,20,{REDACTED-ESPN-MEMBER-ID},121,9,9,11
4427095,0,122,4,{REDACTED-ESPN-MEMBER-ID},122,9,10,17
4241372,1,123,20,,123,9,11,12
4429205,3,124,20,,124,9,12,9
4040761,0,125,20,{REDACTED-ESPN-MEMBER-ID},125,9,13,15
-16005,3,126,16,,126,9,14,13
3953687,3,127,17,,127,10,1,13
2577327,0,128,20,{REDACTED-ESPN-MEMBER-ID},128,10,2,15
-16025,3,129,16,,129,10,3,9
4429096,1,130,20,,130,10,4,12
-16002,0,131,16,{REDACTED-ESPN-MEMBER-ID},131,10,5,17
4372019,0,132,20,{REDACTED-ESPN-MEMBER-ID},132,10,6,11
-16033,0,133,16,{REDACTED-ESPN-MEMBER-ID},133,10,7,16
-16006,0,134,16,{REDACTED-ESPN-MEMBER-ID},134,10,8,6
4431299,0,135,20,{REDACTED-ESPN-MEMBER-ID},135,10,9,10
3915486,3,136,20,,136,10,10,8
-16020,0,137,16,{REDACTED-ESPN-MEMBER-ID},137,10,11,4
4426385,0,138,20,{REDACTED-ESPN-MEMBER-ID},138,10,12,1
3916433,0,139,20,{REDACTED-ESPN-MEMBER-ID},139,10,13,14
-16021,0,140,16,{REDACTED-ESPN-MEMBER-ID},140,10,14,3
4360294,0,141,20,{REDACTED-ESPN-MEMBER-ID},141,11,1,3
4361411,0,142,6,{REDACTED-ESPN-MEMBER-ID},142,11,2,14
4429275,0,143,20,{REDACTED-ESPN-MEMBER-ID},143,11,3,1
4373626,0,144,20,{REDACTED-ESPN-MEMBER-ID},144,11,4,4
12483,0,145,20,{REDACTED-ESPN-MEMBER-ID},145,11,5,8
4040655,0,146,20,{REDACTED-ESPN-MEMBER-ID},146,11,6,10
3917792,0,147,20,{REDACTED-ESPN-MEMBER-ID},147,11,7,6
3045138,0,148,20,{REDACTED-ESPN-MEMBER-ID},148,11,8,16
3051926,0,149,20,{REDACTED-ESPN-MEMBER-ID},149,11,9,11
16460,0,150,20,{REDACTED-ESPN-MEMBER-ID},150,11,10,17
4362238,1,151,20,,151,11,11,12
2971573,3,152,17,,152,11,12,9
4685720,2,153,20,,153,11,13,15
4432773,0,154,20,{REDACTED-ESPN-MEMBER-ID},154,11,14,13
4038815,0,155,20,{REDACTED-ESPN-MEMBER-ID},155,12,1,13
-16023,2,156,16,,156,12,2,15
4032473,3,157,20,,157,12,3,9
-16018,1,158,16,,158,12,4,12
4372066,0,159,17,{REDACTED-ESPN-MEMBER-ID},159,12,5,17
4599739,0,160,20,{REDACTED-ESPN-MEMBER-ID},160,12,6,11
3046439,0,161,20,{REDACTED-ESPN-MEMBER-ID},161,12,7,16
4360234,0,162,17,{REDACTED-ESPN-MEMBER-ID},162,12,8,6
4722893,1,163,20,,163,12,9,10
-16008,3,164,16,,164,12,10,8
4045163,0,165,20,{REDACTED-ESPN-MEMBER-ID},165,12,11,4
3055899,0,166,17,{REDACTED-ESPN-MEMBER-ID},166,12,12,1
4429023,0,167,20,{REDACTED-ESPN-MEMBER-ID},167,12,13,14
4242431,0,168,20,{REDACTED-ESPN-MEMBER-ID},168,12,14,3
3052587,0,169,20,{REDACTED-ESPN-MEMBER-ID},169,13,1,3
-16012,0,170,16,{REDACTED-ESPN-MEMBER-ID},170,13,2,14
-16024,0,171,16,{REDACTED-ESPN-MEMBER-ID},171,13,3,1
16731,0,172,20,{REDACTED-ESPN-MEMBER-ID},172,13,4,4
3049899,3,173,17,,173,13,5,8
4362081,0,174,17,{REDACTED-ESPN-MEMBER-ID},174,13,6,10
4430034,0,175,20,{REDACTED-ESPN-MEMBER-ID},175,13,7,6
4373678,0,176,20,{REDACTED-ESPN-MEMBER-ID},176,13,8,16
4597500,0,177,20,{REDACTED-ESPN-MEMBER-ID},177,13,9,11
4243537,0,178,20,{REDACTED-ESPN-MEMBER-ID},178,13,10,17
14993,1,179,17,,179,13,11,12
4682745,3,180,20,,180,13,12,9
4249087,3,181,17,,181,13,13,15
4685247,0,182,20,{REDACTED-ESPN-MEMBER-ID},182,13,14,13
4428850,0,183,20,{REDACTED-ESPN-MEMBER-ID},183,14,1,13
4361432,3,184,20,,184,14,2,15
4686472,3,185,20,,185,14,3,9
4036131,1,186,20,,186,14,4,12
3043116,0,187,20,{REDACTED-ESPN-MEMBER-ID},187,14,5,17
4249417,0,188,20,{REDACTED-ESPN-MEMBER-ID},188,14,6,11
2468609,1,189,20,,189,14,7,16
4360516,0,190,20,{REDACTED-ESPN-MEMBER-ID},190,14,8,6
-16004,0,191,16,{REDACTED-ESPN-MEMBER-ID},191,14,9,10
4241555,3,192,20,,192,14,10,8
4429501,1,193,20,,193,14,11,4
4431545,0,194,20,{REDACTED-ESPN-MEMBER-ID},194,14,12,1
3124679,0,195,17,{REDACTED-ESPN-MEMBER-ID},195,14,13,14
4242433,0,196,20,{REDACTED-ESPN-MEMBER-ID},196,14,14,3
4240021,0,197,20,{REDACTED-ESPN-MEMBER-ID},197,15,1,3
4035886,0,198,20,{REDACTED-ESPN-MEMBER-ID},198,15,2,14
4242214,0,199,20,{REDACTED-ESPN-MEMBER-ID},199,15,3,1
-16015,1,200,20,,200,15,4,4
4361409,3,201,20,,201,15,5,8
4241416,0,202,20,{REDACTED-ESPN-MEMBER-ID},202,15,6,10
4690923,0,203,20,{REDACTED-ESPN-MEMBER-ID},203,15,7,6
3045523,1,204,20,,204,15,8,16
4689936,0,205,17,{REDACTED-ESPN-MEMBER-ID},205,15,9,11
4360635,0,206,20,{REDACTED-ESPN-MEMBER-ID},206,15,10,17
15864,1,207,0,,207,15,11,12
4688813,3,208,20,,208,15,12,9
-16030,3,209,20,,209,15,13,15
4430968,0,210,20,{REDACTED-ESPN-MEMBER-ID},210,15,14,13
4361418,0,211,20,{REDACTED-ESPN-MEMBER-ID},211,16,1,13
4596334,3,212,20,,212,16,2,15
14881,3,213,0,,213,16,3,9
4426338,1,214,20,,214,16,4,12
17427,0,215,20,{REDACTED-ESPN-MEMBER-ID},215,16,5,17
-16003,0,216,16,{REDACTED-ESPN-MEMBER-ID},216,16,6,11
4430637,1,217,20,,217,16,7,16
4368003,0,218,20,{REDACTED-ESPN-MEMBER-ID},218,16,8,6
3924365,0,219,20,{REDACTED-ESPN-MEMBER-ID},219,16,9,10
4048244,3,220,20,,220,16,10,8
4428209,1,221,20,,221,16,11,4
15965,1,222,20,,222,16,12,1
4362887,0,223,20,{REDACTED-ESPN-MEMBER-ID},223,16,13,14
3051738,0,224,20,{REDACTED-ESPN-MEMBER-ID},224,16,14,3
