"Player","Team","REC","YDS","TDS","FL","FPTS"
" ","",""
"George Kittle","SF","76.0","1,039.3","7.5","0.5","147.8"
"Brock Bowers","LV","103.2","1,103.9","5.8","0.5","145.1"
"Trey McBride","ARI","99.2","1,002.8","5.4","0.5","131.7"
"Mark Andrews","BAL","59.7","716.6","7.8","0.8","116.9"
"Sam LaPorta","DET","68.2","770.6","6.7","0.4","116.4"
"Travis Kelce","KC","81.4","768.9","5.3","0.9","107.1"
"T.J. Hockenson","MIN","73.9","783.1","4.7","0.5","105.8"
"David Njoku","CLE","76.1","730.6","4.9","0.8","100.6"
"Tucker Kraft","GB","54.4","646.5","4.6","0.8","90.7"
"Tyler Warren","IND","58.4","649.0","4.3","1.1","89.3"
"Dallas Goedert","PHI","58.5","649.0","4.0","0.5","88.0"
"Colston Loveland","CHI","56.7","602.0","4.2","0.8","83.8"
"Jake Ferguson","DAL","68.0","630.3","3.9","1.2","83.7"
"Zach Ertz","WAS","57.2","531.4","5.0","0.1","83.0"
"Evan Engram","DEN","68.3","607.3","4.0","0.9","82.8"
"Kyle Pitts Sr.","ATL","47.7","602.1","3.7","0.1","82.1"
"Dalton Kincaid","BUF","56.7","598.5","3.8","0.5","81.9"
"Cade Otton","TB","53.8","550.2","4.1","0.5","78.6"
"Hunter Henry","NE","55.4","574.3","3.6","0.4","78.5"
"Darren Waller","MIA","51.6","571.9","3.4","0.1","77.2"
"Isaiah Likely","BAL","41.9","495.1","4.8","0.7","77.0"
"Jonnu Smith","PIT","50.3","524.9","4.0","0.9","74.7"
"Mike Gesicki","CIN","53.5","528.5","3.6","0.4","73.4"
"Brenton Strange","JAC","54.6","539.9","3.3","0.5","72.7"
"Dalton Schultz","HOU","49.9","516.6","3.1","0.4","69.6"
"Juwan Johnson","NO","47.7","493.9","3.3","0.2","68.9"
"Pat Freiermuth","PIT","48.0","466.8","3.5","0.9","66.0"
"Chig Okonkwo","TEN","51.6","509.6","2.7","0.8","65.9"
"Robbie Ouzts","SEA","48.0","478.0","3.0","1.0","63.8"
"Theo Johnson","NYG","43.2","476.0","2.7","0.1","63.7"
"Tyler Higbee","LAR","43.7","411.4","3.5","0.1","62.0"
"Elijah Arroyo","SEA","40.9","431.3","2.9","0.4","59.6"
"Mason Taylor","NYJ","39.5","393.4","2.5","0.5","53.3"
"Will Dissly","LAC","38.4","373.4","2.5","0.0","52.2"
"Ja'Tavion Sanders","CAR","38.9","390.9","2.1","0.1","51.7"
"Tyler Conklin","LAC","37.5","362.6","2.5","0.1","51.0"
"Cole Kmet","CHI","33.7","325.5","2.4","0.4","46.1"
"Noah Gray","KC","29.5","299.2","2.7","0.0","45.8"
"AJ Barner","SEA","32.4","302.6","2.4","0.1","44.3"
"Taysom Hill","NO","13.3","114.3","1.0","0.3","39.0"
"Foster Moreau","NO","22.4","253.5","1.9","0.1","36.6"
"Dawson Knox","BUF","21.9","238.2","1.9","0.0","35.2"
"Michael Mayer","LV","27.7","256.8","1.6","0.1","35.2"
"Noah Fant","CIN","23.3","248.7","1.7","0.0","34.9"
"Terrance Ferguson","LAR","23.0","235.5","1.9","0.4","34.1"
"Austin Hooper","NE","25.8","256.2","1.5","0.4","33.7"
"Harold Fannin Jr.","CLE","22.9","222.3","1.2","0.4","28.8"
"Tommy Tremble","CAR","18.8","182.4","1.7","0.4","27.6"
"Luke Musgrave","GB","19.1","186.7","1.4","0.0","27.1"
"Oronde Gadsden II","LAC","17.8","182.1","1.5","0.0","26.9"
"Ben Sinnott","WAS","18.4","179.3","1.5","0.1","26.6"
"Brock Wright","DET","15.0","134.8","2.2","0.0","26.4"
"Mo Alie-Cox","IND","14.0","168.0","1.4","0.0","25.0"
"Jeremy Ruckert","NYJ","19.7","172.5","1.3","0.0","24.7"
"Josh Oliver","MIN","14.3","145.8","1.5","0.0","23.7"
"Luke Schoonmaker","DAL","17.3","156.4","1.2","0.0","22.6"
"Cade Stover","HOU","16.5","160.9","1.1","0.1","22.3"
"Josh Whyle","TEN","17.7","163.6","1.0","0.0","22.1"
"Adam Trautman","DEN","12.6","136.6","1.4","0.0","21.8"
"Daniel Bellinger","NYG","16.0","152.2","0.9","0.0","20.3"
"Brevin Jordan","HOU","12.6","137.8","1.1","0.0","20.2"
"Drew Ogletree","IND","10.2","123.5","1.3","0.0","20.0"
"Grant Calcaterra","PHI","13.0","136.5","1.0","0.0","19.3"
"Gunnar Helm","TEN","14.4","146.3","0.9","0.4","19.2"
"Charlie Woerner","ATL","12.9","120.2","1.1","0.0","18.3"
"Jake Briningstool","KC","12.0","121.0","1.0","0.0","18.1"
"Elijah Higgins","ARI","12.2","116.9","1.1","0.0","18.1"
"Payne Durham","TB","11.0","108.1","1.2","0.0","18.0"
"Jelani Woods","IND","7.0","117.0","1.0","0.0","17.7"
"Julian Hill","MIA","14.0","126.7","0.9","0.4","17.5"
"Darnell Washington","PIT","12.5","125.8","0.7","0.0","16.9"
"Johnny Mundt","JAC","13.4","118.2","0.8","0.0","16.8"
"Colby Parkinson","LAR","11.3","114.2","0.9","0.0","16.5"
"Nate Adkins","DEN","8.5","69.3","1.6","0.0","16.5"
"Jordan Murray","CHI","11.0","104.0","1.0","0.0","16.4"
"Connor Heyward","PIT","10.2","87.7","1.2","0.0","15.7"
"Lucas Krull","DEN","11.6","112.1","0.7","0.0","15.5"
"Stone Smartt","NYJ","9.2","103.4","0.7","0.3","13.8"
"Charlie Kolar","BAL","7.7","89.7","0.8","0.0","13.7"
"Quintin Morris","JAC","10.1","94.8","0.7","0.0","13.7"
"Drew Sample","CIN","10.8","89.4","0.8","0.0","13.5"
"Tanner Hudson","CIN","9.8","90.1","0.7","0.1","13.2"
"Mitchell Evans","CAR","8.0","77.8","0.7","0.0","12.0"
"Teagan Quitoriano","ATL","5.5","89.5","0.5","0.0","12.0"
"Jackson Hawes","BUF","7.6","76.5","0.7","0.0","11.9"
"Pharaoh Brown","MIA","9.4","89.2","0.5","0.0","11.8"
"Lawrence Cager","WAS","5.5","57.0","1.0","0.0","11.7"
"Hunter Long","JAC","9.9","89.1","0.4","0.0","11.5"
"Devin Culp","TB","7.3","78.3","0.6","0.0","11.3"
"Tip Reiman","ARI","7.3","67.3","0.7","0.0","11.2"
"Gavin Bartholomew","MIN","7.0","75.0","0.6","0.0","11.0"
"Brevyn Spann-Ford","DAL","7.3","71.5","0.6","0.0","10.8"
"Jared Wiley","KC","7.0","70.1","0.6","0.0","10.5"
"Jaheim Bell","NE","7.1","71.1","0.5","0.0","10.1"
"Tanner McLachlan","CIN","7.0","68.5","0.5","0.0","9.9"
"Giovanni Ricci","MIN","8.0","96.0","0.0","0.0","9.6"
"John Bates","WAS","5.9","54.9","0.6","0.0","9.3"
"Brenden Bates","CLE","6.5","60.9","0.5","0.0","9.3"
"Blake Whiteheart","CLE","6.5","58.5","0.6","0.0","9.1"
"Cam Grandy","CIN","7.0","61.2","0.5","0.0","9.1"
"Luke Lachey","HOU","5.5","56.5","0.5","0.0","8.7"
"Robert Tonyan","KC","6.0","55.0","0.5","0.0","8.5"
"Brayden Willis","SF","4.5","54.0","0.5","0.0","8.4"
"Ian Thomas","LV","6.6","58.9","0.4","0.0","8.3"
"Moliki Matavao","NO","5.0","51.0","0.5","0.0","8.1"
"Ben Sims","GB","5.0","51.0","0.5","0.0","8.1"
"Caleb Lohner","DEN","5.5","51.0","0.5","0.0","8.1"
"Thomas Fidone II","NYG","5.5","50.5","0.5","0.0","8.1"
"Will Mallory","IND","5.1","54.3","0.4","0.0","8.0"
"Ross Dwelley","SF","4.0","56.7","0.3","0.0","7.7"
"Kenny Yeboah","DET","5.4","54.5","0.3","0.0","7.5"
"Greg Dulcich","NYG","5.0","53.9","0.3","0.0","7.4"
"Luke Farrell","SF","5.1","51.4","0.3","0.0","6.7"
"Eric Saubert","SEA","5.2","50.0","0.3","0.0","6.6"
"Davis Allen","LAR","4.7","45.3","0.2","0.0","5.9"
"Tucker Fisk","LAC","3.3","30.5","0.4","0.0","5.4"
"Irv Smith Jr.","HOU","4.0","33.8","0.3","0.0","5.0"
"Kylen Granson","PHI","3.2","36.6","0.2","0.0","4.6"
"Durham Smythe","CHI","4.3","38.3","0.1","0.0","4.6"
"Dominique Dafney","CAR","3.6","35.3","0.2","0.0","4.6"
"Erick All Jr.","CIN","2.4","20.7","0.2","0.0","3.1"
"Tanner Conner","MIA","2.1","20.5","0.2","0.0","2.9"
"Zach Davidson","BUF","1.9","19.0","0.2","0.0","2.9"
"David Martin-Robinson","TEN","1.9","18.6","0.1","0.0","2.6"
"Feleipe Franks","ATL","1.8","17.7","0.1","0.0","2.5"
"James Mitchell","CAR","1.8","17.8","0.1","0.0","2.3"
"Jack Stoll","NO","1.9","17.5","0.1","0.0","2.3"
"Chris Manhertz","NYG","1.9","18.4","0.1","0.0","2.2"
"Ben Yurosek","MIN","2.0","21.0","0.0","0.0","2.1"
"Harrison Bryant","PHI","1.5","12.0","0.0","0.0","1.2"
"Tyree Jackson","WAS","0.0","0.0","0.0","0.0","0.0"
"Stephen Carlson","CHI","0.0","0.0","0.0","0.0","0.0"
"Donald Parham Jr.","PIT","0.0","0.0","0.0","0.0","0.0"
"Josiah Deguara","ARI","0.0","0.0","0.0","0.0","0.0"
"Sean McKeon","IND","0.0","0.0","0.0","0.0","0.0"
"Matt Sokol","BUF","0.0","0.0","0.0","0.0","0.0"
"Shane Zylstra","DET","0.0","0.0","0.0","0.0","0.0"
"Tyler Mabry","CAR","0.0","0.0","0.0","0.0","0.0"
"Ko Kieft","TB","0.0","0.0","0.0","0.0","0.0"
"Cole Turner","WAS","0.0","0.0","0.0","0.0","0.0"
"John FitzPatrick","GB","0.0","0.0","0.0","0.0","0.0"
"Nick Muse","PHI","0.0","0.0","0.0","0.0","0.0"
"Jake Tonges","SF","0.0","0.0","0.0","0.0","0.0"
"Nikola Kalinic","ATL","0.0","0.0","0.0","0.0","0.0"
"Cameron Latu","PHI","0.0","0.0","0.0","0.0","0.0"
"Justin Shorter","LV","0.0","0.0","0.0","0.0","0.0"
"Zack Kuntz","NYJ","0.0","0.0","0.0","0.0","0.0"
"Princeton Fant","DAL","0.0","0.0","0.0","0.0","0.0"
"Travis Vokolek","ARI","0.0","0.0","0.0","0.0","0.0"
"John Stephens Jr.","DAL","0.0","0.0","0.0","0.0","0.0"
"Colson Yankoff","WAS","0.0","0.0","0.0","0.0","0.0"
"Thomas Odukoya","TEN","0.0","0.0","0.0","0.0","0.0"
"E.J. Jenkins","PHI","0.0","0.0","0.0","0.0","0.0"
"Jack Westover","NE","0.0","0.0","0.0","0.0","0.0"
"Stephen Sullivan","CAR","0.0","0.0","0.0","0.0","0.0"
"Tyler Davis","NE","0.0","0.0","0.0","0.0","0.0"
"Cole Fotheringham","NE","0.0","0.0","0.0","0.0","0.0"
""
""