"Player","Team","REC","YDS","TDS","ATT","YDS","TDS","FL","FPTS"
" ","","",""
"Ja'Marr Chase","CIN","119.5","1,545.7","12.0","1.6","11.5","0.0","0.6","226.6"
"Justin Jefferson","MIN","103.4","1,444.7","9.2","0.5","3.6","0.0","0.6","199.0"
"Puka Nacua","LAR","105.7","1,373.6","6.6","10.7","61.4","0.6","0.6","185.5"
"CeeDee Lamb","DAL","109.8","1,328.9","7.6","9.2","59.3","0.3","1.0","184.5"
"Brian Thomas Jr.","JAC","90.7","1,268.2","8.4","3.8","25.3","0.0","0.6","178.5"
"Nico Collins","HOU","89.4","1,281.3","8.5","0.0","1.4","0.0","0.5","178.3"
"Amon-Ra St. Brown","DET","108.9","1,249.8","8.9","1.9","12.6","0.1","0.9","178.3"
"Malik Nabers","NYG","104.8","1,279.1","7.7","2.6","11.6","0.0","0.6","174.4"
"Ladd McConkey","LAC","93.6","1,249.0","7.6","0.0","1.4","0.0","0.7","169.5"
"A.J. Brown","PHI","80.9","1,195.7","8.2","0.0","0.0","0.0","0.9","166.7"
"Mike Evans","TB","79.1","1,067.9","9.9","0.0","0.0","0.0","0.5","165.1"
"Drake London","ATL","92.8","1,161.0","7.8","0.3","2.0","0.0","0.6","162.0"
"Tyreek Hill","MIA","92.0","1,136.3","7.5","7.2","33.3","0.1","0.6","161.5"
"Tee Higgins","CIN","85.7","1,087.9","8.8","0.0","0.0","0.0","0.9","159.7"
"Terry McLaurin","WAS","82.7","1,104.0","8.4","1.1","4.6","0.0","0.9","159.3"
"Davante Adams","LAR","84.8","1,086.9","8.3","0.3","0.0","0.0","0.5","157.2"
"Marvin Harrison Jr.","ARI","78.2","1,083.9","7.7","0.0","0.0","0.0","1.0","152.7"
"DK Metcalf","PIT","75.6","1,109.7","7.3","0.0","0.0","0.0","1.3","151.9"
"Jaxon Smith-Njigba","SEA","92.7","1,084.9","6.4","2.6","17.7","0.0","0.6","147.9"
"Zay Flowers","BAL","74.7","1,023.1","6.3","8.2","48.4","0.1","0.5","144.6"
"Xavier Worthy","KC","69.8","860.2","7.0","15.7","84.5","1.3","0.5","143.6"
"Courtland Sutton","DEN","75.9","1,006.7","7.4","0.0","0.2","0.0","0.9","143.4"
"Jameson Williams","DET","59.3","955.1","6.0","7.4","64.2","0.8","0.5","141.5"
"Garrett Wilson","NYJ","91.5","1,064.6","5.9","1.9","13.3","0.0","1.3","140.6"
"DJ Moore","CHI","86.9","1,000.3","6.1","9.5","53.2","0.1","0.9","140.6"
"Calvin Ridley","TEN","69.5","1,011.1","6.0","5.6","36.0","0.3","0.9","140.6"
"DeVonta Smith","PHI","79.0","963.5","6.8","0.3","1.2","0.0","0.5","136.0"
"George Pickens","DAL","66.6","985.7","6.0","1.0","6.2","0.0","0.9","133.7"
"Jerry Jeudy","CLE","80.0","1,077.0","4.1","0.3","2.2","0.0","0.6","131.3"
"Deebo Samuel Sr.","WAS","64.6","814.4","5.1","30.1","132.4","1.2","1.0","130.6"
"Jauan Jennings","SF","70.8","933.6","5.7","3.6","14.6","0.1","0.6","128.3"
"Jakobi Meyers","LV","81.2","954.0","5.3","1.2","9.1","0.0","0.5","127.3"
"Jaylen Waddle","MIA","75.0","964.3","4.9","2.5","11.3","0.1","0.5","126.2"
"Jayden Reed","GB","59.0","790.6","5.8","12.0","95.3","0.7","0.9","125.9"
"Tetairoa McMillan","CAR","72.8","938.7","5.3","0.7","9.3","0.0","1.2","124.1"
"Chris Godwin","TB","76.5","883.0","5.8","1.2","6.1","0.0","0.6","122.9"
"Travis Hunter","JAC","68.2","885.1","5.2","3.8","21.8","0.1","0.8","121.1"
"Rome Odunze","CHI","66.7","893.5","5.4","1.3","8.0","0.0","0.9","121.0"
"Jordan Addison","MIN","63.0","824.4","6.1","1.6","12.1","0.3","0.5","121.0"
"Rashee Rice","KC","73.6","855.8","6.0","1.5","4.1","0.0","0.6","120.9"
"Matthew Golden","GB","60.2","849.5","5.7","0.7","10.0","0.0","0.8","118.8"
"Keon Coleman","BUF","52.3","823.1","5.9","0.3","3.8","0.0","0.5","116.8"
"Chris Olave","NO","74.3","919.1","4.4","0.3","2.8","0.0","1.3","116.1"
"Stefon Diggs","NE","77.2","845.0","4.9","1.3","5.9","0.2","0.5","114.9"
"Ricky Pearsall","SF","58.2","791.4","5.0","7.0","49.9","0.3","0.6","114.8"
"Rashid Shaheed","NO","56.5","846.1","4.5","7.3","44.6","0.1","1.3","114.0"
"Darnell Mooney","ATL","60.2","846.8","4.9","0.0","1.2","0.0","0.5","113.0"
"Cooper Kupp","SEA","72.4","805.8","5.3","1.3","7.7","0.0","0.6","112.2"
"Marvin Mims Jr.","DEN","52.4","696.8","5.4","11.9","58.9","0.4","0.6","109.0"
"Khalil Shakir","BUF","70.9","804.2","4.8","0.3","3.0","0.0","0.6","108.6"
"Michael Pittman Jr.","IND","72.0","852.9","3.9","0.0","1.8","0.0","0.9","107.3"
"Rashod Bateman","BAL","45.4","688.0","5.5","0.0","0.6","0.0","0.1","102.0"
"Quentin Johnston","LAC","50.8","682.3","5.6","1.7","6.7","0.0","0.5","101.4"
"Brandon Aiyuk","SF","51.9","785.4","3.9","0.0","1.7","0.0","0.4","101.3"
"Marquise Brown","KC","59.6","721.0","4.7","0.3","1.6","0.0","0.2","100.3"
"Josh Downs","IND","63.8","746.0","4.3","0.3","4.0","0.0","0.5","99.9"
"Tre' Harris","LAC","55.1","740.8","4.4","0.7","3.5","0.0","1.1","98.5"
"Emeka Egbuka","TB","51.9","688.6","4.7","3.2","14.8","0.1","1.1","96.8"
"Adam Thielen","CAR","64.1","683.1","4.4","0.0","1.8","0.0","0.5","93.8"
"Xavier Legette","CAR","56.5","642.8","4.0","6.2","29.2","0.1","0.5","91.0"
"Christian Kirk","HOU","55.2","705.6","3.6","0.7","3.0","0.0","0.8","90.9"
"Jayden Higgins","HOU","47.7","629.5","4.0","0.7","2.5","0.0","0.5","86.2"
"Cedric Tillman","CLE","51.9","648.8","3.6","0.7","0.3","0.0","0.9","85.0"
"Luther Burden III","CHI","50.4","609.5","3.5","3.7","26.1","0.4","1.1","84.6"
"Romeo Doubs","GB","44.5","568.2","4.3","0.0","0.5","0.0","0.5","81.5"
"Wan'Dale Robinson","NYG","68.1","616.8","3.2","2.0","13.8","0.0","0.5","81.2"
"Jack Bech","LV","49.5","618.4","3.3","1.0","2.7","0.0","0.8","80.3"
"Joshua Palmer","BUF","42.5","579.9","3.5","0.0","0.5","0.0","0.1","79.0"
"Kyle Williams","NE","43.9","576.4","3.4","2.1","8.7","0.0","0.4","78.1"
"Michael Wilson","ARI","44.7","547.4","3.8","1.9","7.7","0.1","0.5","77.8"
"Tyler Lockett","TEN","48.9","570.2","3.5","0.0","0.0","0.0","0.1","77.7"
"Alec Pierce","IND","31.2","558.8","3.6","0.0","0.0","0.0","0.1","77.0"
"Calvin Austin III","PIT","39.4","539.3","3.6","2.3","11.8","0.1","0.5","76.2"
"DeMario Douglas","NE","54.6","574.9","2.8","2.1","15.7","0.0","0.2","75.7"
"Jalen McMillan","TB","38.2","482.4","4.3","2.3","20.4","0.0","0.5","75.3"
"Darius Slayton","NYG","34.2","517.5","2.5","1.4","6.1","0.0","0.2","67.2"
"DeAndre Hopkins","BAL","33.1","425.2","3.9","0.0","0.5","0.0","0.1","65.7"
"Tre Tucker","LV","34.8","445.0","2.6","5.6","33.8","0.3","0.1","65.6"
"Marquez Valdes-Scantling","SEA","28.1","468.4","2.8","2.6","9.1","0.1","0.1","65.0"
"Tutu Atwell","LAR","38.4","490.3","2.2","4.3","20.2","0.1","0.1","64.8"
"Dyami Brown","JAC","38.0","491.4","2.6","0.7","5.8","0.0","0.5","64.2"
"Nick Westbrook-Ikhine","MIA","30.5","418.7","3.7","0.0","0.0","0.0","0.1","63.7"
"Jalen Tolbert","DAL","34.4","416.2","3.5","0.0","0.0","0.0","0.1","62.7"
"Allen Lazard","NYJ","33.9","439.1","3.0","0.0","0.0","0.0","0.1","62.0"
"Jalen Coker","CAR","37.1","477.5","2.3","0.0","2.3","0.0","0.1","61.7"
"Diontae Johnson","CLE","39.1","477.1","2.3","1.0","2.0","0.0","0.5","61.1"
"Ray-Ray McCloud III","ATL","39.6","427.7","2.3","7.8","53.1","0.2","1.2","60.4"
"Brandin Cooks","NO","36.9","427.7","2.9","1.7","3.8","0.0","0.1","60.4"
"Skyy Moore","KC","36.3","422.5","2.7","0.0","0.0","0.0","0.0","58.3"
"Andrei Iosivas","CIN","30.5","364.8","3.4","0.0","0.0","0.0","0.1","56.9"
"Dontayvion Wicks","GB","29.9","375.0","3.2","0.0","0.0","0.0","0.0","56.9"
"Josh Reynolds","NYJ","30.9","404.2","2.8","0.0","0.0","0.0","0.1","56.8"
"Christian Watson","GB","21.3","392.6","2.6","4.3","18.7","0.0","0.4","56.4"
"Jordan Whittington","LAR","33.8","392.5","2.5","1.1","13.9","0.0","0.1","55.4"
"Jalen Nailor","MIN","28.9","364.5","2.9","1.1","10.2","0.0","0.1","55.1"
"Pat Bryant","DEN","30.7","375.5","2.6","0.0","0.0","0.0","0.1","52.7"
"Adonai Mitchell","IND","25.7","362.9","2.3","2.5","14.9","0.1","0.2","51.6"
"Russell Gage Jr.","SF","31.6","364.8","2.5","0.0","0.0","0.0","0.0","51.5"
"Noah Brown","WAS","31.4","399.7","1.9","0.0","0.0","0.0","0.1","51.2"
"Troy Franklin","DEN","27.2","343.0","2.7","1.1","5.8","0.0","0.1","51.0"
"Dont'e Thornton Jr.","LV","28.1","367.3","2.3","0.0","8.0","0.0","0.1","50.9"
"Jaylin Noel","HOU","29.7","357.9","2.3","0.0","0.0","0.0","0.1","49.4"
"Kyle Philips","LV","32.2","375.4","2.0","0.0","0.0","0.0","0.0","49.2"
"Demarcus Robinson","SF","21.4","333.8","2.6","0.0","1.3","0.0","0.1","48.7"
"Curtis Samuel","BUF","29.5","297.3","2.5","6.6","29.3","0.1","0.1","48.0"
"Elic Ayomanor","TEN","28.6","336.2","2.2","0.0","7.5","0.0","0.1","47.5"
"K.J. Osborn","WAS","28.4","315.6","2.5","0.0","0.0","0.0","0.0","46.3"
"Anthony Miller","BAL","25.0","281.7","2.5","0.0","0.0","0.0","0.0","43.3"
"Devaughn Vele","DEN","28.6","306.9","2.1","0.0","1.0","0.0","0.1","43.2"
"Tim Patrick","DET","22.9","289.9","2.2","0.0","0.0","0.0","0.1","42.3"
"Kayshon Boutte","NE","22.5","301.4","2.0","0.0","0.0","0.0","0.0","41.9"
"Greg Dortch","ARI","27.3","265.3","2.1","4.8","30.6","0.1","0.4","41.8"
"Tai Felton","MIN","23.4","284.2","2.2","0.0","5.0","0.0","0.0","41.8"
"Van Jefferson","TEN","24.2","308.3","1.9","0.0","0.0","0.0","0.1","41.8"
"Malik Washington","MIA","27.5","293.4","1.8","2.0","13.8","0.1","0.6","41.0"
"Xavier Hutchinson","HOU","26.1","283.1","1.9","0.0","0.0","0.0","0.0","39.8"
"Roman Wilson","PIT","21.8","276.7","1.9","0.0","0.0","0.0","0.1","39.0"
"Chimere Dike","TEN","19.9","262.4","1.6","2.1","12.4","0.0","0.1","37.1"
"KaVontae Turpin","DAL","16.2","207.2","1.4","8.5","58.6","0.5","0.7","36.6"
"Jermaine Burton","CIN","18.8","249.6","1.8","0.0","2.0","0.0","0.1","35.5"
"Jalen Royals","KC","20.4","241.0","1.9","0.0","0.0","0.0","0.0","35.4"
"Parker Washington","JAC","22.7","251.1","1.6","0.0","4.0","0.0","0.1","34.8"
"JuJu Smith-Schuster","KC","23.4","250.0","1.7","0.0","0.0","0.0","0.1","34.7"
"Rondale Moore","MIN","20.6","213.5","1.5","8.6","38.2","0.0","0.0","34.0"
"Tyler Johnson","NYJ","21.6","239.4","1.6","0.0","0.0","0.0","0.0","33.8"
"Kendrick Bourne","NE","20.5","237.9","1.6","1.1","5.2","0.0","0.1","33.7"
"Malachi Corley","NYJ","19.4","202.0","1.3","2.3","23.5","0.1","0.1","30.7"
"Jake Bobo","SEA","18.3","212.6","1.5","0.0","0.0","0.0","0.1","30.1"
"Ja'Lynn Polk","NE","18.3","213.3","1.4","0.0","0.0","0.0","0.0","29.7"
"Robert Woods","PIT","20.8","221.7","1.2","0.0","0.0","0.0","0.1","29.4"
"Luke McCaffrey","WAS","19.3","202.1","1.5","0.0","1.0","0.0","0.1","28.9"
"Zay Jones","ARI","18.1","192.6","1.3","0.0","2.0","0.0","0.1","27.4"
"A.T. Perry","DEN","13.7","181.2","1.5","0.0","0.0","0.0","0.0","27.0"
"Tory Horton","SEA","16.1","199.7","1.1","0.0","0.0","0.0","0.0","26.6"
"Savion Williams","GB","13.1","157.9","1.3","4.4","23.4","0.1","0.0","26.3"
"Derius Davis","LAC","13.3","153.9","1.0","10.5","47.4","0.2","0.6","26.2"
"Elijah Moore","BUF","16.5","180.1","1.3","0.0","1.3","0.0","0.0","26.0"
"Arian Smith","NYJ","14.7","175.5","1.2","0.0","11.0","0.0","0.0","25.7"
"Kalif Raymond","DET","14.7","182.9","1.2","0.0","4.0","0.0","0.6","24.7"
"Isaac TeSlaa","DET","13.7","177.2","1.1","0.0","0.0","0.0","0.0","24.5"
"Jahan Dotson","PHI","14.9","173.6","1.1","0.0","1.7","0.0","0.0","24.3"
"Bub Means","NO","14.9","186.4","1.0","0.7","4.0","0.0","0.3","24.2"
"Olamide Zaccheaus","CHI","15.0","163.4","1.1","1.1","5.4","0.0","0.0","23.6"
"Jalin Hyatt","NYG","12.5","175.4","0.9","0.0","0.0","0.0","0.0","23.2"
"Mack Hollins","NE","12.2","153.7","1.2","0.0","0.0","0.0","0.1","22.7"
"Irvin Charles","NYJ","13.7","153.1","1.0","0.0","0.0","0.0","0.0","21.0"
"Tank Dell","HOU","11.0","139.0","1.0","0.0","2.0","0.0","0.0","20.1"
"Hunter Renfrow","CAR","14.9","147.6","0.9","0.0","0.0","0.0","0.0","19.9"
"Xavier Restrepo","TEN","12.0","131.0","1.0","0.0","3.0","0.0","0.0","19.4"
"Michael Gallup","WAS","11.5","129.8","1.0","0.0","0.0","0.0","0.0","19.0"
"Jaylin Lane","WAS","10.4","120.0","0.8","2.2","13.5","0.1","0.1","18.7"
"DJ Chark Jr.","ATL","9.4","129.4","0.9","0.0","0.0","0.0","0.0","18.6"
"Lil'Jordan Humphrey","NYG","12.0","126.0","1.0","0.0","0.0","0.0","0.0","18.6"
"Jha'Quan Jackson","TEN","11.4","138.4","0.8","0.0","1.7","0.0","0.5","17.7"
"Quez Watkins","ARI","10.7","127.7","0.8","0.0","0.0","0.0","0.0","17.4"
"Erik Ezukanma","MIA","10.9","125.6","0.8","0.0","0.0","0.0","0.0","17.3"
"Sterling Shepard","TB","11.1","111.1","1.0","0.0","1.7","0.0","0.0","17.0"
"Simi Fehoko","ARI","9.4","112.2","0.8","0.0","0.0","0.0","0.0","16.1"
"KhaDarel Hodge","ATL","8.8","114.0","0.6","0.0","0.0","0.0","0.1","15.2"
"Parris Campbell","DAL","11.0","105.0","0.6","0.0","0.0","0.0","0.0","14.3"
"Tylan Wallace","BAL","6.7","88.5","0.9","0.0","1.7","0.0","0.0","14.2"
"DeAndre Carter","CLE","9.9","118.9","0.5","0.0","0.0","0.0","0.5","13.9"
"David Moore","CAR","7.8","100.3","0.6","0.0","0.0","0.0","0.0","13.8"
"KeAndre Lambert-Smith","LAC","7.8","97.6","0.6","0.0","0.0","0.0","0.0","13.5"
"Nick Nash","ATL","12.0","133.0","0.0","0.0","0.0","0.0","0.0","13.3"
"Jamal Agnew","ATL","8.5","87.1","0.8","0.0","0.0","0.0","0.0","13.1"
"Ainias Smith","PHI","8.2","91.7","0.7","0.0","0.0","0.0","0.0","13.1"
"Justin Watson","HOU","6.4","89.2","0.6","0.0","0.0","0.0","0.0","12.6"
"Tim Jones","MIN","7.0","81.5","0.7","0.0","0.0","0.0","0.0","12.4"
"Tez Johnson","TB","7.1","86.7","0.6","0.0","2.0","0.0","0.0","12.2"
"Michael Woods II","CLE","7.2","84.7","0.6","0.0","0.0","0.0","0.0","12.0"
"John Metchie III","HOU","7.3","79.2","0.7","0.0","0.7","0.0","0.0","11.9"
"Devontez Walker","BAL","5.2","73.1","0.6","0.0","1.7","0.0","0.0","11.2"
"Dareke Young","SEA","6.8","80.0","0.5","0.0","0.0","0.0","0.0","11.1"
"Cody White","SEA","6.8","79.9","0.5","0.0","0.0","0.0","0.0","11.1"
"Cedrick Wilson Jr.","NO","6.9","77.2","0.5","0.0","0.0","0.0","0.0","10.8"
"Bo Melton","GB","6.2","74.1","0.6","0.0","0.0","0.0","0.0","10.8"
"Ben Skowronek","PIT","6.5","72.3","0.5","0.0","0.0","0.0","0.0","10.3"
"Charlie Jones","CIN","6.0","70.7","0.5","0.0","0.0","0.0","0.0","10.0"
"Maurice Alexander","CHI","6.3","68.7","0.4","0.0","0.0","0.0","0.0","9.4"
"Samori Toure","CHI","6.2","68.2","0.4","0.0","0.0","0.0","0.0","9.3"
"Ashton Dulin","IND","5.3","68.8","0.3","0.0","3.3","0.0","0.0","9.3"
"Johnny Wilson","PHI","4.9","60.8","0.5","0.0","0.0","0.0","0.0","9.1"
"Xavier Weaver","ARI","5.2","61.5","0.5","0.0","0.0","0.0","0.0","9.0"
"Tommy Mellott","LV","3.7","43.6","0.2","4.0","24.1","0.2","0.0","8.8"
"Malik Heath","GB","5.4","60.5","0.4","0.0","0.0","0.0","0.0","8.7"
"Javon Baker","NE","4.0","55.0","0.5","0.0","0.0","0.0","0.0","8.5"
"Mecole Hardman Jr.","GB","4.6","50.7","0.5","0.0","3.7","0.0","0.5","7.7"
"Dee Eskridge","MIA","4.5","50.7","0.3","0.0","0.0","0.0","0.0","7.0"
"Treylon Burks","TEN","3.1","41.9","0.2","2.1","12.4","0.1","0.0","7.0"
"Jonathan Mingo","DAL","4.5","53.9","0.2","0.0","0.0","0.0","0.0","6.6"
"Dante Pettis","NO","3.9","45.8","0.2","2.1","6.7","0.0","0.0","6.5"
"Kendric Pryor","CIN","3.9","42.4","0.3","0.0","0.0","0.0","0.0","6.3"
"Trishton Jackson","ARI","3.5","40.7","0.3","0.0","0.0","0.0","0.0","6.1"
"Jordan Watkins","SF","2.6","33.4","0.1","4.4","13.3","0.1","0.0","5.8"
"Jalen Brooks","DAL","3.4","41.7","0.3","0.0","0.0","0.0","0.0","5.7"
"Chris Blair","ATL","3.1","35.3","0.3","0.0","0.0","0.0","0.0","5.2"
"Zach Pascal","NYG","3.0","38.2","0.2","0.0","0.0","0.0","0.0","5.0"
"Devin Duvernay","CHI","4.5","42.3","0.2","0.0","3.7","0.0","0.5","5.0"
"Austin Trammell","JAC","3.4","40.1","0.2","0.0","0.0","0.0","0.0","5.0"
"Scotty Miller","PIT","3.2","38.9","0.2","0.0","0.0","0.0","0.0","4.8"
"Britain Covey","LAR","1.8","21.0","0.1","2.2","13.7","0.1","0.0","4.8"
"Miles Boykin","CHI","3.2","36.1","0.2","0.0","0.0","0.0","0.0","4.6"
"Brycen Tremayne","CAR","3.0","33.7","0.2","0.0","0.0","0.0","0.0","4.4"
"Tyler Scott","CHI","3.1","32.6","0.1","0.0","1.7","0.0","0.0","4.2"
"Jamari Thrash","CLE","2.7","32.8","0.1","0.0","0.0","0.0","0.0","4.1"
"Trent Sherfield Sr.","DEN","3.3","35.4","0.1","0.0","0.0","0.0","0.0","4.0"
"Anthony Gould","IND","2.7","30.4","0.0","0.0","2.5","0.0","0.0","3.5"
"Xavier Gipson","NYJ","3.7","39.3","0.0","0.0","2.5","0.0","0.5","3.4"
"Isaiah Williams","CIN","2.0","21.0","0.2","0.0","0.0","0.0","0.0","3.1"
"Jimmy Horn Jr.","CAR","2.4","27.8","0.1","0.0","0.0","0.0","0.0","3.1"
"Rakim Jarrett","TB","2.0","25.0","0.0","0.0","5.0","0.0","0.0","3.0"
"Ryan Flournoy","DAL","1.9","20.7","0.1","0.0","0.0","0.0","0.0","2.9"
"Trey Palmer","TB","1.9","21.7","0.1","0.0","0.0","0.0","0.0","2.8"
"Laviska Shenault Jr.","BUF","1.8","19.5","0.1","0.0","0.0","0.0","0.0","2.7"
"Steven Sims Jr.","SEA","1.7","18.0","0.1","0.0","0.0","0.0","0.0","2.5"
"Isaiah Neyor","SF","2.0","24.0","0.0","0.0","0.0","0.0","0.0","2.4"
"Danny Gray","PHI","1.5","17.3","0.1","0.0","0.0","0.0","0.0","2.4"
"Jacob Cowing","SF","1.1","15.6","0.1","0.0","2.5","0.0","0.0","2.3"
"David Bell","CLE","1.9","17.5","0.0","0.0","0.0","0.0","0.0","2.0"
"LaJohntay Wester","BAL","1.5","18.5","0.0","0.0","0.0","0.0","0.0","1.9"
"Xavier Smith","LAR","1.5","17.5","0.0","0.0","8.5","0.0","0.5","1.6"
"Braxton Berrios","HOU","1.5","15.5","0.0","0.0","0.0","0.0","0.0","1.6"
"Chris Moore","WAS","0.5","7.0","0.0","0.0","0.0","0.0","0.0","0.7"
"Ihmir Smith-Marsette","NYG","0.8","9.5","0.1","0.0","2.5","0.0","0.5","0.5"
"Mason Kinsey","TEN","0.0","0.0","0.0","0.0","0.0","0.0","0.0","0.0"
"Tom Kennedy","DET","0.0","0.0","0.0","0.0","0.0","0.0","0.0","0.0"
"Laquon Treadwell","IND","0.0","0.0","0.0","0.0","0.0","0.0","0.0","0.0"
"Keith Kirkwood","BAL","0.0","0.0","0.0","0.0","0.0","0.0","0.0","0.0"
"Trent Taylor","SF","0.0","0.0","0.0","0.0","0.0","0.0","0.0","0.0"
"Phillip Dorsett II","LV","0.0","0.0","0.0","0.0","0.0","0.0","0.0","0.0"
"Nikko Remigio","KC","0.3","3.8","0.0","0.0","0.0","0.0","0.5","-0.5"
""
""